category,name,lat,lon
university,Trường Đại Học Ngoại Ngữ-Tin Học HCM,10.7887608,106.6854638
university,Trường Đại học Mở TP.HCM,10.7761576,106.6903617
university,Trường Sĩ Quan Kỹ Thuật Quân Sự,10.8357623,106.6723147
university,Đại Học Mở TP.HCM - Mai Thị Lựu,10.7902129,106.700297
university,Trường Đại Học Văn Lang - Cơ Sở 3,10.8270218,106.6988664
university,Trường Đại Học Văn Lang - Cơ Sở 2,10.8131239,106.6947329
university,Trường Đại Học Sư Phạm TP.HCM,10.7612196,106.6822697
university,Trường Đại học Tài Chính Marketing,10.8031443,106.6678651
university,Trường Đại học Kinh tế Tài chính TP.HCM (UEF),10.7970171,106.7031929
university,Trường Đại Học Ngoại Thương,10.8068238,106.7132414
university,Đại Học Nguyễn Tất Thành - Cơ Sở Nguyễn Hữu Thọ,10.7432646,106.7017459
university,Đại học Hoa Sen Cơ sở Soongsil,10.856892,106.6300337
university,Trường Đại Học Văn Lang - Cơ sở 3,10.8275275,106.7000931
university,Trường Đại học Hoa Sen - cơ sở Cao Thắng,10.7722267,106.6791108
university,Trường Đại học Nguyễn Tất Thành,10.761051226091947,106.70970580951891
university,Trường Đại học Mỹ thuật TP.HCM,10.80242706760652,106.69478950613572
university,Trường Đại học Tài chính - Marketing,10.81123342725635,106.68036967576843
university,Trường Đại học Sư phạm TP.HCM,10.761364819623578,106.68215373866066
university,Trường Đại học Khoa học Tự nhiên - ĐHQG TP.HCM - Cơ sở 1,10.762464344639632,106.68166279163786
university,Trường Đại học Sài Gòn – cơ sở chính,10.759660531821105,106.6820437813813
university,Trường Đại học Khoa học xã hội và Nhân văn,10.786095205170813,106.70316332749391
university,Khoa Dược - Trường Đại học Y Dược TP.HCM,10.78494557975636,106.7020616445657
university,Trường Đại học Kiến trúc TP.HCM,10.782430513600243,106.69444949159953
university,Trường Đại học Y Dược TP.HCM,10.754385794068195,106.6632647119381
university,Trường Đại học Sư phạm Thể dục Thể thao Thành phố Hồ Chí Minh,10.752947325087282,106.66380189562021
university,Đại học Tôn Đức Thắng,10.79243781706158,106.71131564412141
university,Trường Đại học Công nghệ TP.HCM,10.80220138283586,106.71471872895265
university,Đại học Sài Gòn (cơ sở 2),10.783270955085294,106.70638877104943
university,Trường Cao đẳng Hoa Sen,10.856919057868614,106.63009560772274
university,Đại Học Hoa Sen - Cơ Sở Quang Trung 2,10.85685603806201,106.6252425410361
university,Trường Đại học Giao thông Vận tải TP.HCM,10.804872022592933,106.71676380887389
university,Trường ĐH Văn Hiến,10.753121835826082,106.70798296155961
university,Trường Đại Học RMIT Việt Nam,10.729587925947998,106.69360369445137
university,"Trường Đại học Bách khoa, Đại học Quốc gia Thành phố Hồ Chí Minh",10.773517398554025,106.6595807262573
university,Đại học Kinh tế TP.HCM - Cơ sở A,10.783024666522328,106.69485728729414
university,Đại học Thuỷ Lợi - Cơ sở 2,10.792754444435628,106.70654158638095
university,Trường Đại học Ngoại ngữ - Tin học TP.HCM,10.775929388977003,106.66750033714794
university,Trường Đại học Ngân hàng TP.HCM,10.770293346503042,106.70405231756456
university,Trường Đại học Tài nguyên và Môi trường TP.HCM,10.797044337099214,106.66687410248548
university,Học viện Cán bộ Thành phố Hồ Chí Minh,10.81241795182653,106.70239577388509
university,Trường Đại học Tôn Đức Thắng,10.731866304828042,106.69837095871154
university,Trường Đại học Cảnh sát Nhân dân,10.735375845846608,106.69799517276732
university,Nhạc viện TP.HCM,10.774378869453036,106.69499965375236
university,Trường Đại học Nguyễn Tất Thành (cơ sở Nguyễn Hữu Thọ),10.743117571348506,106.7024163141959
university,Trường Đại học Công nghệ Sài Gòn,10.737982133398305,106.67792641261589
university,Đại học Ngoại thương TP.HCM,10.806826291323677,106.71306394051349
university,Trường Đại học Luật TP.HCM (cơ sở 2),10.829923686832634,106.71374272742815
university,Trường Đại học Công nghiệp TP.HCM,10.822119234957785,106.68747310240599
university,Trường Đại học Y Khoa Phạm Ngọc Thạch,10.773067321225408,106.66611436123918
university,Trường Đại học Tài chính - Maketing,10.798386428866422,106.66830517925887
university,Phân hiệu Trường Đại học Nội vụ Hà Nội tại TP.HCM,10.836715696276126,106.68035256037305
university,Đại học Kinh tế TP.HCM - cơ sở B,10.760938772310725,106.6679656040253
university,Trường Đại học Sân khấu - Điện ảnh Thành phố Hồ Chí Minh,10.765642548900281,106.68932450386893
university,Trường ĐH Công nghệ,10.756654275938642,106.68870670752837
university,Đại học Văn Lang,10.827304805376441,106.69924517360094
university,Đại học Quốc tế Hồng Bàng,10.77027467600951,106.63412068152385
university,Trường Đại học Công Thương TP.HCM,10.807031115323818,106.62868500068598
university,UEF - Đại học Kinh Tế Tài Chính,10.798996716462632,106.7067866675394
university,Trường Cao Đằng Viễn Đông,10.851729826810619,106.62811119220703
university,Trường Đại học Công nghệ TP.HCM (cơ sở Ung Văn Khiêm),10.809474715817146,106.71503567748029
university,Trường Đại học Gia Định,10.79937900157562,106.67394951277332
university,Trường Đại học Gia Định (cơ sở Nguyễn Kiệm),10.817356842767179,106.67752822427892
university,Trường Đại học Sài Gòn – cơ sở 1,10.779173248333832,106.68410233787297
university,Trường Đại học Sài Gòn (cơ sở 3),10.779676972530792,106.6885418640784
university,Phân hiệu Học viện Hành chính và Quản trị công tại TP.HCM,10.7736229195353,106.676020009093
university,Trường Đại học Công Thương TP.HCM (cơ sở 2),10.803170795679312,106.63355451389877
university,Trường Đại học Sư phạm TP.HCM (cơ sở 2),10.786738689727715,106.6810079199945
university,Trường Đại học Công Thương TP.HCM (cơ sở 3),10.808992745428492,106.62980532505912
university,Trường Đại học Công Thương TP.HCM (cơ sở 5),10.811930084274094,106.63174997256571
university,Trường Đại học Thuỷ Lợi - Cơ sở 2,10.792745310515796,106.70633024937935
university,Hoc viện Quân y - Phân hiệu phía Nam,10.772865248752408,106.66546545613176
university,Học viện Hàng không Việt Nam,10.797261203287702,106.67400246039756
university,Đại học Kinh tế TP.HCM - cơ sở C,10.773211595399092,106.6775455426074
university,Đại học Kinh tế TP.HCM - cơ sở D,10.791862272578584,106.68841442657197
university,Đại học Kinh tế TP.HCM - Cơ sở H,10.79608895828713,106.67230255746462
university,Trường Đại học Luật TP.HCM,10.767477729045291,106.70547021808503
university,Trường Đại học Hoa Sen - Cơ sở Thành Thái,10.769287643602986,106.66484669515721
university,Trường Đại học Nghệ thuật Quân đội,10.802389202459965,106.65653015242827
university,Trường Đại học Văn Hiến,10.784276292549897,106.64137846140888
market,Chợ Tân Phú,10.7826064,106.6283825
market,Focomart,10.7652697,106.7028692
market,Cửa Hàng Tiện Lợi Shop&Go!,10.806477,106.6949172
market,Maximart,10.7769187,106.6811112
market,Siêu Thị Bình Hòa,10.816301,106.6981233
market,Siêu Thị Mini Bình Minh,10.8224451,106.7071706
market,Siêu Thị Mela,10.7579255,106.6731127
market,Cửa Hàng Mua Sắm Citimart,10.7559528,106.6624963
market,Siêu thị Điện máy Chợ Lớn,10.7542055,106.6645954
market,Big C,10.806804,106.634147
market,Siêu Thị Online Annam Gourmet,10.7767779,106.7050958
market,Co.op Mart,10.7864217,106.6755113
market,Co.opmart Phan Văn Trị,10.8295261,106.6820675
market,Siêu Thị Co.opMart - Phú Thọ,10.7708442,106.6529897
market,Co-opmart Liên Hiệp TP.HCM,10.8419863,106.6436933
market,Citimart,10.784261,106.69973
market,Siêu Thị C&C,10.7666709,106.6877461
market,Street Food Market,10.7736896,106.6975615
market,Trung Tâm Mua Sắm Sài Gòn Square 3,10.7858096,106.6944333
market,Satra Foods,10.741349,106.70382
market,Trung Tâm Mua Sắm Vivo City,10.7295702,106.7032896
market,Cửa Hàng 137FoodMart,10.7987967,106.6269122
market,Co.op Mart Trường Chinh,10.8176424,106.6311526
market,Trung Tâm Thương Mại Sense Market,10.7692667,106.6933366
market,K-Market,10.7293421,106.7090932
market,Cửa Hàng Zakka Nautrals - Tạ Quang Bửu,10.7368314,106.6698845
market,Siêu Thị K-Market,10.727056,106.7086808
market,Siêu Thị Tiện Lợi Nam An,10.7991432,106.6695155
market,Thi's Market,10.7717991,106.7041195
market,Siêu Thị Tiện Lợi Citi Mart,10.8252692,106.6303666
market,Siêu Thị Tiện Lợi US,10.7618357,106.6901287
market,"Khu vui chơi, mua sắm Zakka",10.8220612,106.7182069
market,Co.op Food,10.7867494,106.6795527
market,Co.op Xtra,10.7705491,106.6695387
market,Sạp Khô Hải Phựợng,10.7642836,106.6978262
market,Siêu thị phượt,10.7655607,106.6924438
market,Siêu thị Satra Mart - Phạm Hùng,10.7338138,106.6744543
market,Thực Phẩm Hữu Cơ An Toàn - Nam An,10.7731189,106.7007584
market,Familymart,10.7617773,106.6960949
market,Circle K,10.7699632,106.6923622
market,Siêu Thị CoopMart Hùng Vương,10.7593289,106.6715532
market,Phụ kiện trang trí sinh nhật Ellie Party,10.7608529,106.7012374
market,Bách Hoá Xanh,10.7953551,106.6621933
market,WinMart,10.7321198,106.6158396
market,Co.op Food - Nguyễn Khoái,10.7555361,106.694199
market,Siêu Thị Vive Gourmet Food & Wine,10.7938895,106.7124906
market,Co.op Mart - Chu Văn An,10.810612,106.7031555
market,BambooBebe Việt Nam,10.796771,106.6866507
market,Công ty TNHH Gureumi,10.7967542,106.6866392
market,Bách Hoá XXanh 175C Đường Số 8,10.7843036,106.6157756
market,Chợ 200,10.7559254,106.7083025
market,Foodmart,10.799293,106.6993939
market,Của Hàng Tạp Hóa TA,10.7684286,106.6645542
market,Cửa Hàng Cung Cấp Đồ Hoá Trang Hoa Chí Tín,10.7957444,106.6271801
market,Kho Hàng Hùng Hậu,10.8304431,106.6216245
market,Tạp Hoá Chú 8,10.8303666,106.6215521
market,Siêu Thị Auchan Lũy Bán Bích,10.7750213,106.6331973
market,Co.op Mart Thắng Lợi,10.8182143,106.6308605
market,Siêu Thị Aeon Citimart Cao Thắng,10.7716235,106.6807503
market,Siêu thị GO! Âu Cơ,10.7896958,106.6397916
market,Siêu thị Co.opmarrt SCA Âu Cơ,10.7940316,106.6392661
market,Siêu Thị Co.opmart,10.7748338,106.6746916
market,Coop Food - Chung cư Phan Văn Trị,10.7564696,106.6781767
market,Siêu Thị 7Map,10.7405361,106.6173551
market,Mazda Bình Triệu,10.8305867,106.7137412
market,Siêu thị Co.opmart Tuy Lý Vương,10.7443048,106.6552043
market,Co.opmart,10.8286526,106.6197414
market,Cửa hàng nội thất Auli Star,10.7764837,106.6216044
market,Grove Fresh,10.7680881,106.6845432
market,USAMua - Mua Hàng Mỹ,10.771174,106.6299894
market,Phụ Kiện Bida Minh Điền,10.7850433,106.6309412
market,Chợ Vạn Kiếp,10.7998008,106.6938742
market,Cửa hàng Bách hóa Basao Grocery,10.7900679,106.7111094
market,Gạo Hồng Nhung,10.7957801,106.6953508
market,Bách Hóa Xanh grocery store,10.7931686,106.6722756
market,116 Culture Luxury,10.7684748,106.6986624
market,Cửa Hàng Vinh Phát,10.7532921,106.6747077
market,Lẩu cá kèo,10.8260415,106.689306
market,Phim cách nhiệt nhà kính NanoX,10.8460221,106.7103906
market,Mini stop,10.7680533,106.6984934
market,Chả cua Huế,10.79726,106.6182984
market,Shop Vinafood,10.7972833,106.6184076
market,Bách Hoá XANH,10.7611331,106.6307838
market,Bach hoa XANX,10.7934,106.7067969
market,AEON Tạ Quang Bửu,10.7403675,106.6782814
market,Điện thoại VT Mobile,10.8053618,106.6977165
market,Kingfoodmart,10.7514142,106.6186198
market,Co.opmart - Nguyễn Đình Chiểu,10.78146668220108,106.69221981954361
market,CO.OP Mart Nguyễn Kiệm,10.808729050000004,106.67810785000002
market,Co.op Mart Cống Quỳnh,10.767201884263006,106.68619127870215
market,Siêu thị MM Mega Market Bình Phú,10.742388851822144,106.63125580584762
market,Coopmart Lý Thường Kiệt,10.759811515819322,106.6615012704091
market,Pandora Trường Chinh,10.806548485189806,106.63424388328153
market,Siêu thị Sài Gòn (SATRA MART),10.768667635705153,106.66753446171522
market,Co.opMart Tuy Lý Vương,10.744400296769973,106.65510500133797
market,Siêu Thị Sala,10.822293129496467,106.71426974633559
market,Siêu thị Co.opmart Bình Tân,10.753546400193168,106.61339232982273
market,Siêu thị Đại Gia Hỷ,10.77475554611153,106.6190715995181
market,Siêu thị Điện máy XANH,10.831337375585957,106.7137372213908
market,Siêu thị Co.opMart Bình Triệu,10.832730989382615,106.71552280257465
market,Điện máy Gia Thành,10.753759212896934,106.67671196090573
market,Co.opmart Rạch Miễu,10.798906978664364,106.68917320009781
market,Xường công nghệ cao,10.855841205280468,106.69662029437413
market,Co.opmart Hậu Giang,10.750233336147268,106.64307317560795
market,Co.opmart Thắng Lợi,10.818182038118449,106.63071936452769
market,Nhà Sách Basao Stationery,10.790584541163017,106.71159219561635
market,Co.opmart SCA Phạm Văn Chiêu,10.851188966200244,106.65352877135372
market,GO! Phú Thạnh,10.780360176465253,106.63147291261903
market,Emart Phan Huy Ích,10.841923126477282,106.63723890157308
market,Co.opMart Phú Lâm,10.754526045497313,106.63362726010983
marketplace,Chợ Cầu Dừa,10.758802,106.694865
marketplace,Chợ Xã Tây,10.7530475,106.6629554
marketplace,Chợ Cầu,10.847542,106.6356317
marketplace,Chợ Campuchia,10.7633674,106.6776016
marketplace,Chợ Nancy,10.7557937,106.6858615
marketplace,Chợ Chiều,10.7676377,106.6928286
marketplace,Chợ Nhật Tảo,10.7641455,106.6653042
marketplace,Chợ An Lạc,10.7418135,106.6200916
marketplace,Chợ Chim Xanh,10.7659514,106.6484854
marketplace,Chợ Phạm Thế Hiển,10.7432291,106.6711112
marketplace,Chợ Tân Kiểng 1,10.7515198,106.7054977
marketplace,Chợ Bàu Sen,10.7581159,106.6784826
marketplace,Co.op Food - Trịnh Đình Thảo,10.7752486,106.6347907
marketplace,Chợ Đũi,10.7661251,106.6801963
marketplace,Chợ Hoa Hồ Thị Kỷ,10.7656721,106.6774059
marketplace,Chợ An Nhơn,10.8412339,106.6772851
marketplace,Chợ Bình Triệu,10.8299954,106.7145399
marketplace,Chợ Rạch Ông,10.7467884,106.686304
marketplace,Bách Hoá Xanh - 2C - 2D Phùng Văn Cung,10.7999139,106.6866177
marketplace,Chợ Dân Sinh,10.7665534,106.6979948
marketplace,Chợ Cô Giang,10.7627952,106.6947299
marketplace,Chợ Cư xá Ngân hàng,10.7482605,106.7167158
marketplace,Chợ Lò Than,10.7398106,106.6539072
marketplace,Chợ Phú Bình,10.7737865,106.6432226
marketplace,Chợ Lạc Quang,10.8353586,106.6196328
marketplace,Chợ Tân Trụ,10.8189655,106.634549
marketplace,Chợ Xóm Mới,10.8500841,106.6643054
marketplace,Chợ Cây Điệp,10.8111914,106.6953748
marketplace,Chợ Huỳnh Văn Chính,10.7808343,106.6414933
marketplace,Seafood mini-market,10.7910098,106.7073948
marketplace,Chợ Cây Quéo,10.8089294,106.6868754
marketplace,Chợ Bình Tây,10.74932862240969,106.65105157161774
marketplace,Chợ cũ Tôn Thất Đạm,10.771945572624922,106.70296993540576
marketplace,Chợ Bến Thành,10.77256580851337,106.69801468761693
marketplace,Chợ Tân Định,10.789899750000002,106.69005124999998
marketplace,Chợ Đa Kao,10.792447600000001,106.69658890000001
marketplace,Chợ Trần Hữu Trang,10.793510439206578,106.67184532512918
marketplace,Chợ Phú Nhuận,10.79393201780483,106.68273327435313
marketplace,Chợ Nguyễn Đình Chiểu,10.804647019449662,106.67998282961997
marketplace,Chợ Xóm Chiếu,10.763546187850867,106.7061129344462
marketplace,Chợ An Đông,10.758104732767709,106.67218178274153
marketplace,Chợ hoa Hồ Thị Kỷ,10.765706516998572,106.67729413500278
marketplace,Chợ Hòa Bình,10.752052063560221,106.67565031118083
marketplace,Chợ Hãng Phân,10.76233460549381,106.70021859936531
marketplace,Chợ Phú Lâm,10.755564561838545,106.63142733296945
marketplace,Chợ Cây Da Sà,10.756235349999999,106.61888039999998
marketplace,Chợ Tân Mỹ,10.736445224145726,106.71872781550687
marketplace,Chợ Kim Biên,10.750044750000008,106.65594140000002
marketplace,Chợ Võ Thành Trang,10.800423023385761,106.63784379756989
marketplace,Chợ Nguyễn Văn Trỗi,10.786342960001004,106.67984881243747
marketplace,Chợ Hạnh Thông Tây,10.835682599999998,106.65864984999996
marketplace,Chợ An Sương,10.8460006778541,106.62117388251018
marketplace,Chợ Tân Quy,10.744921984458683,106.70672573020197
marketplace,Chợ Thị Nghè,10.792041610834955,106.70754884591149
marketplace,Chợ Tân Kiểng 2,10.745412175714696,106.70479563530455
marketplace,Chợ Thái Bình,10.766737451816526,106.6889626561959
marketplace,Chợ Sơn Kỳ,10.805890381595265,106.62258553890194
marketplace,Chợ Bà Chiểu,10.801680939792421,106.69881898301772
marketplace,Chợ Gò Vấp,10.82352250585303,106.68721750055977
marketplace,Chợ Thiếc,10.759776139099404,106.65673073062308
marketplace,Chợ Nguyễn Tri Phương,10.764445557794938,106.66371728579158
marketplace,Chợ Hoa Hậu Giang,10.74953066348898,106.63843079081656
marketplace,Chợ Minh Phụng,10.750765108238323,106.6427995883249
marketplace,Chợ Phú Thọ,10.7626386222503,106.6540271453747
marketplace,Chợ Xóm Củi,10.745855727040869,106.66095802714673
marketplace,Chợ Bàu Cát,10.791608056958898,106.64197844866031
marketplace,Chợ Hòa Hưng,10.783190533892885,106.671084836176
marketplace,Chợ Bình Tiên,10.745940599999997,106.64436555
marketplace,Chợ Nhị Thiên Đường,10.739503203199684,106.65727357640002
marketplace,Chợ Ba Đình,10.748288579503694,106.66841420435564
marketplace,Chợ Nguyễn Chế Nghĩa,10.74261435,106.65404235
marketplace,Chợ Tín Nghĩa,10.74995037051547,106.65640000132775
marketplace,Chợ Hoa Tươi Đầm Sen,10.76969981969064,106.64277273665869
marketplace,Chợ Kiến Đức 2,10.728814987834465,106.61985798745206
marketplace,Chợ Hiệp Tân,10.772022374710899,106.62969991769758
marketplace,Chợ Tân Phú 2,10.78401585632491,106.62552661362928
marketplace,Chợ Kiến Đức,10.753506075714004,106.61394039249349
marketplace,Chợ Bình Trị Đông,10.763584550000001,106.61257869999997
marketplace,Chợ Vườn Chuối,10.773525836078695,106.6842651999602
marketplace,Chợ Tân Bình,10.785839509117764,106.65243565527491
marketplace,Chợ thuốc Quận 10,10.780758695159482,106.66658625370208
marketplace,Chợ Bình Thới,10.75945712170411,106.64252682365091
marketplace,Chợ Tân Hòa Đông,10.759992752807493,106.62724259432271
marketplace,Chợ Bốn Xã mới,10.773148856731568,106.62080675206238
marketplace,Chợ An Dương Vương,10.741923059630338,106.62230017518674
marketplace,Chợ Hồ Trọng Quý,10.740165636969204,106.63213555202854
marketplace,Chợ Tân Hương,10.790342968571366,106.622912069649
marketplace,Chợ Bình Long,10.781893408153804,106.61690577776147
marketplace,Chợ Lê Hồng Phong,10.764351223000988,106.67677468000664
marketplace,Chợ Bà Hoa,10.791688680863821,106.64748413577969
marketplace,Chợ Phạm Văn Hai,10.794874474068708,106.66270867170907
marketplace,Chợ Nam Hòa,10.783024250000002,106.66018340000001
marketplace,Chợ Nghĩa Hòa,10.787671157065242,106.65944190207021
marketplace,Chợ An Hội,10.84173845,106.64463795000002
marketplace,Chợ Tân Hưng (Chợ Ông Địa),10.77911753949308,106.65265927689674
marketplace,Chợ Trần Văn Quang,10.778671300000001,106.6469095
marketplace,Chợ Long Kiểng,10.753049104206644,106.70523222050151
marketplace,Chợ Bình Đông,10.73851875,106.64313725
marketplace,Chợ Bàn Cờ,10.768574022713214,106.68041140679767
marketplace,Chợ Cháy,10.764780699999994,106.69788185
marketplace,Chợ Phú Định,10.748234820881686,106.6331981362786
marketplace,Chợ Hoàng Hoa Thám,10.79839515718715,106.64677628451165
hospital,Trung Tâm Y Tế Dự Phòng - Phòng Khám Tiêm Phòng,10.764268,106.707021
hospital,Bệnh viện Phụ sản Mekong,10.7998479,106.6675233
hospital,Columbia Asia Saigon,10.7795758,106.6965213
hospital,Trung Tâm Chẩn Đoán Y Khoa Medic - BV Hòa Hảo,10.762528,106.6701859
hospital,Bệnh Viện Quốc Tế Minh Anh,10.747644,106.6143869
hospital,Bệnh Viện Mắt Sài Gòn,10.7713711,106.6909391
hospital,Phòng Thí Nghiệm - Kiểm Tra Sức Khoẻ,10.7603786,106.6798139
hospital,Bệnh Viện Đa Khoa Mỹ Đức,10.7999684,106.6415956
hospital,Trạm Y Tế Dự Phòng,10.7823214,106.6729782
hospital,Trung Tâm Hiến Múa Nhân Đạo,10.7756389,106.6557898
hospital,Bệnh Viện Hòa Hảo,10.7626193,106.6702604
hospital,Phòng Khám Đa Khoa Thế Giới,10.7519331,106.6843795
hospital,Bệnh Viện Sài Gòn ITO,10.7950017,106.6672345
hospital,Phòng Khám Đa Khoa Hữu Nghị,10.848021,106.6783081
hospital,Phòng khám đa khoa quốc tế Nhân Hậu,10.7585783,106.6617832
hospital,Phòng Khám Đa Khoa An Phúc,10.7587193,106.6621153
hospital,Trạm Y Tế Phường 7 Quận Phú Nhuận,10.8037666,106.6865787
hospital,Phóng khám ACC Quận 5,10.759465,106.6834753
hospital,Bệnh viện Truyền máu Huyết học 1,10.7565107,106.666061
hospital,Bệnh viện Đa khoa Tân Hưng,10.7515951,106.696342
hospital,Bệnh viện Đa khoa Tâm Trí Sài Gòn,10.8317212,106.6218645
hospital,Bệnh viện Y học cổ truyền TP.HCM (cơ sở 2),10.7525482,106.665751
hospital,Bệnh viện Quận 1 (cơ sở 2),10.7651115,106.6932273
hospital,Phòng Khám Dr Vein,10.7278961,106.7080164
hospital,Nha Khoa SingDent,10.7404252,106.6998107
hospital,Wedo Skin Clinic Quan 1,10.7888402,106.6974043
hospital,Viện thấm mỹ Bác sĩ Minh,10.7575935,106.6782304
hospital,Bệnh viện Nguyễn Tri Phương,10.755168816688236,106.67018871604986
hospital,Bệnh viện Nhân dân 115,10.774654725385266,106.66662418469417
hospital,Bệnh viện Quân y 175,10.819274949548996,106.68037817746931
hospital,Bệnh viện Nhân dân Gia Định,10.80394215071108,106.6941058378206
hospital,Bệnh Viện Quốc Tế Columbia Asia,10.803236536005555,106.69456383499268
hospital,Bệnh Viện Pháp Việt,10.732444687338434,106.71792568601663
hospital,Bệnh Viện Tim Tâm Đức,10.733471522622834,106.71781157263138
hospital,Bệnh viện Nhi đồng 2,10.781406904363793,106.70261078524982
hospital,Bệnh viện Đa khoa Sài Gòn,10.771953612915567,106.69948345073092
hospital,Bệnh viện Quận 4,10.765258888359025,106.7021822629137
hospital,Bệnh viện Hùng Vương,10.756179497466029,106.66168599207413
hospital,Bệnh viện 30 Tháng 4,10.759021989528224,106.67304526343446
hospital,Bệnh viện An Bình,10.754033380220486,106.67216220986339
hospital,Bệnh viện Truyền máu Huyết học,10.756499929661079,106.66587236863406
hospital,Bệnh viện Bệnh Nhiệt đới,10.753221088132525,106.67842771998312
hospital,Bệnh viện Phạm Ngọc Thạch,10.757252309966738,106.66501323916867
hospital,Bệnh viện Đại học Y Dược TP.HCM,10.755258453586407,106.66457628448215
hospital,Bệnh viện Nguyễn Trãi,10.756853404774056,106.67502042590495
hospital,Viện Pasteur Thành phố Hồ Chí Minh,10.786203243292658,106.68878206893874
hospital,Bệnh viện Thống Nhất,10.791086660592528,106.65343199631869
hospital,Bệnh viện Mắt TP. Hồ Chí Minh,10.778691613120886,106.68495774825197
hospital,Bệnh viện Trưng Vương,10.770774517008505,106.65958348140188
hospital,Bệnh viện Nhi đồng 1,10.768583654468467,106.67020577190496
hospital,Bệnh viện Da liễu,10.776785523404387,106.68690412181385
hospital,Bệnh viện Vạn Hạnh,10.771818899999998,106.67137524999998
hospital,Bệnh viện Quận 1,10.790211060771886,106.6896256742255
hospital,Bệnh viện Từ Dũ,10.768822054663048,106.6858807317314
hospital,Bệnh viện 1A,10.788918153681067,106.65372250050177
hospital,Bệnh viện Bình Dân,10.774094622683064,106.68137232499218
hospital,Viện Y Dược học Dân tộc,10.797241411778948,106.67118308287037
hospital,Bệnh viện Tân Bình,10.794413079982782,106.65542765517164
hospital,Viện Tim Thành phố Hồ Chí Minh,10.773205978616652,106.66696004683355
hospital,Bệnh viện Quận Tân Phú,10.78351979486629,106.64192619293517
hospital,Bệnh viện An Sinh,10.791268889012898,106.67848823990556
hospital,Bệnh viện Quận 6,10.74653449465393,106.6345699285093
hospital,Bệnh viện Ngọc Phú,10.7394843522487,106.66910791915593
hospital,Bệnh viện Quận 8,10.74172156165456,106.67646324642334
hospital,Bệnh viện Xóm Củi,10.745481973747513,106.65898870103032
hospital,Trung tâm Y tế Dự phòng Quận 8,10.748071123430668,106.6633085308907
hospital,Trạm y tế phường 9 quận 8,10.745994556773386,106.67016382518541
hospital,Bệnh viện Chấn thương Chỉnh hình,10.754130236633362,106.67802493844027
hospital,Trung tâm Y tế Dự phòng Quận 6,10.754274342261642,106.6295323787101
hospital,Bệnh viện Quận 11,10.760669950405616,106.64791096685904
hospital,Bệnh viện Triều An,10.739191618081199,106.61714697875342
hospital,Bệnh viện Quận 10,10.77603394308012,106.6664923439231
hospital,Bệnh viện Răng Hàm Mặt Trung ương TP. Hồ Chí Minh,10.757811232112656,106.6606568283312
hospital,Bệnh viện Đại học Y Dược - Cơ sở 2,10.757931871252538,106.66122371456412
hospital,Bệnh viện Chợ Rẫy,10.756939707521514,106.65962209208922
hospital,Bệnh viện Răng Hàm Mặt Thành phố Hồ Chí Minh,10.76347980905101,106.69189948445361
hospital,Bệnh viện Phục hồi chức năng - Điều trị bệnh nghề nghiệp,10.741414908903883,106.68638075502062
hospital,Bệnh viện quận Phú Nhuận,10.798263886252478,106.67182511050794
hospital,Bệnh Viện Mắt Việt-Nga,10.776926176146258,106.68114042575338
hospital,Bệnh viện Đa Khoa Vạn Hạnh,10.771353146186364,106.67011701298954
hospital,Bệnh viện Phước An,10.753206781695187,106.70004218404846
hospital,Nhà Thuốc Tây Quàng Hòa,10.735307278973751,106.62122146185996
hospital,Bệnh viện Thẩm mỹ Á Âu,10.773897202342356,106.69740373490619
hospital,Bệnh viện Ung bướu,10.804974764212435,106.694265239736
hospital,BỆNH VIỆN ĐA KHOA TÂM TRÍ SÀI GÒN,10.831613256092263,106.6215027844333
hospital,Bệnh viện Quân y 7A,10.75583931193071,106.67086228543401
hospital,Bệnh viện Tai Mũi Họng TP.HCM,10.784325469811971,106.68392292327528
hospital,Bệnh viện Từ Dũ (khu M),10.767878183302654,106.68473858753833
hospital,Bệnh viện Y học cổ truyền TP.HCM,10.785519687012696,106.68784081882393
hospital,Trung tâm Y tế Quận 3,10.784826744851358,106.6839480832268
hospital,Bệnh viện Quận 5,10.754131182562015,106.66578174261653
hospital,Bệnh viện Quận Gò Vấp,10.834558794385462,106.6615462750129
hospital,Bệnh viện Quận Bình Thạnh,10.798045529773685,106.69672342845885
hospital,Bệnh Viện Đa Khoa Quốc Tế Nam Sài Gòn,10.736101417714108,106.6908379174135
hospital,Bệnh Viện Phương Nam,10.734407328437486,106.7176895653973
hospital,Bệnh viện Đa khoa Tâm Anh,10.80241224976592,106.6662942412664
school,Trung Tâm Dạy Nghề Bình Thạnh,10.8118404,106.6959099
school,Trường Tiểu Học Ngọc Hồi,10.7778588,106.6533203
school,Trường Tiểu Học Đức Trí,10.7780154,106.6552935
school,Khoa Y Tế Công Cộng ĐH Y Dược TPHCM,10.7495992,106.6792934
school,Trường Trung Cấp Nghiệp Vụ Nam Sài Gòn,10.7355146,106.6806299
school,Trường Tiểu Học Phù Đổng,10.7930619,106.7081317
school,Renaissance International School SaiGon RISS,10.7817518,106.6869549
school,Trường Cao Đẳng An Ninh Mạng ISPACE,10.7954204,106.6954845
school,Trường THCS Đoàn Thị Điểm,10.787747,106.675146
school,Trường Tiểu Học Hướng Dương,10.8424969,106.6388848
school,Anh Văn Hội Việt Mỹ VUS,10.8003844,106.6847488
school,Trung Tâm Ngoại Ngữ Dương Minh,10.8020839,106.6830617
school,Trường THCS Văn Lang,10.7929112,106.6878489
school,Trường THCS Kim Đồng,10.7547617,106.6749716
school,Trung Tâm Anh Ngữ Việt Mỹ,10.7946233,106.6768275
school,Trường Tiểu Học Lê Hoàn - Cơ Sở 2,10.8519469,106.6664309
school,Trường Tiểu Học Lê Hoàn,10.8487452,106.6684144
school,Trường Ngoại Ngữ Quốc Tế Thiên Hà Xanh,10.8072882,106.6237854
school,Trường Tiểu Học Trương Minh Giang,10.7883395,106.6772651
school,THPT tư thục Phú Lâm,10.7557322,106.6309758
school,Trường Tiểu Học Phan Đình Phùng,10.7689429,106.6815322
school,Trường THCS Lương Đình Của,10.7689964,106.6809832
school,Trường Tiểu Học Nguyễn Sơn Hà,10.7698269,106.6824943
school,"Trường Tiểu Học THCS&THPT Tuệ Đức - Cơ sở Tân Thới Nhất 17, Quận 12",10.824936,106.6249762
school,Trường Tiểu Học Phan Huy Thực,10.7472946,106.7049273
school,Xuất Khẩu Lao Động Esuhai,10.8015515,106.6420298
school,Trường Cao Đẳng Kinh Tế TP.HCM,10.7647624,106.6720089
school,Trung Tâm Nhật Ngữ Yaruki,10.7881755,106.7026429
school,Trường THPT Nguyễn Công Trứ,10.8383217,106.6535126
school,Trường THCS Nguyễn Trãi,10.8545196,106.6608752
school,Trường THPT Lý Thái Tổ,10.8458193,106.6430253
school,Trường THCS &THPT Bạch Đằng,10.8319703,106.6377767
school,"Trường Tiểu Học, THCS&THPT Hermann Gmeiner",10.8382911,106.6464842
school,Trường THPT Thăng Long,10.8434933,106.6370117
school,Trường THCS&THPT Hồng Hà,10.8287154,106.6731667
school,Trường THCS Trường Sơn,10.8222276,106.6866215
school,THPT Trần Cao Vân,10.8246514,106.6910975
school,Trường THCS Gò Vấp 2,10.8252545,106.6855736
school,THPT TRẦN CAO VÂN,10.8246672,106.6909976
school,Trường Đại Học Nội Vụ Hà Nội,10.8366609,106.6808929
school,Trường THCS Lý Tự Trọng,10.8461223,106.6710066
school,THPT PHÙNG HƯNG,10.8450967,106.6640483
school,Trường THCS - THPT Việt Anh,10.7980244,106.6706619
school,Trường Đại Học Sư Phạm Kỹ Thuật VGU,10.7981036,106.6694566
school,Trường THPT Quốc Tế TIS,10.7980979,106.6698481
school,Trường THCS&THPT Đăng Khoa,10.7945733,106.669519
school,Trường Đại Học Tài Nguyên Và Môi Trường,10.795863,106.6666125
school,Trung Tâm Dạy Nghề Phú Nhuận,10.7950881,106.675038
school,Trường Đại Học Y Dược TPHCM,10.8000745,106.670766
school,Trường Công Nghệ Bách Khoa,10.799724,106.674018
school,Trường Quốc Tế Việt Úc VAS,10.8011395,106.6695261
school,TT Giáo Dục Thường Xuyên Phú Nhuận,10.8039339,106.6857306
school,Trường THCS&THPT Đức Trí,10.8086076,106.6793531
school,Trường Cao Đẳng Đại Việt,10.8086782,106.67369
school,Trường THCS-THPT Bắc Sơn,10.8371216,106.6293516
school,Trường THCS&THPT Mỹ Việt,10.8283796,106.6196586
school,Trường THCS&THPT Hoa Lư,10.8296882,106.6153372
school,Trường THCS Nguyễn Ảnh Thủ,10.8308068,106.613212
school,Trường THCS&THPT Lạc Hồng,10.8496928,106.6253129
school,Trường THCS Nguyễn An Ninh,10.8484731,106.6161364
school,Trường Tiểu Học Quốc Tế APU,10.7740283,106.6476885
school,Trung Tâm Giáo Dục Thường Xuyên,10.7692687,106.6452454
school,TT Kỹ Thuật Tổng Hợp Hướng Nghiệp Quận 11,10.7729401,106.6462051
school,Hệ Thống Trường Việt Mỹ,10.7650159,106.6423509
school,Trường THPT Trần Quốc Tuấn,10.7612712,106.6472346
school,Trường THPT Hai Bà Trưng,10.7701273,106.6529753
school,THCS Nguyễn Minh Hoàng,10.7623326,106.6598712
school,THCS Nguyễn Tri Phương,10.7630667,106.6629232
school,Trường THPT Nam Kỳ Khởi Nghĩa,10.7576531,106.6500879
school,Trường THCS Phạm Ngọc Thạch,10.7736525,106.6486847
school,Trường THCS Lý Thường Kiệt,10.7725315,106.6139739
school,Trường THCS & THPT Bác Ái,10.776963,106.6485112
school,Trường THCS&THPT Nguyễn Khuyến Cơ Sở 2,10.8059847,106.6432939
school,THPT Việt Thanh,10.8022055,106.6446433
school,Trung Tâm Tin Học Trường ĐH Khoa Học Tự Nhiên,10.7635279,106.6760741
school,Trường THPT Hoà Bình,10.76092,106.6707985
school,Trường THCS Hoàng Văn Thụ,10.7629745,106.6681518
school,Trường THCS&THPT Diên Hồng,10.7697961,106.6660804
school,Trường Đại Học Ngoại Ngữ Tin Học,10.7759696,106.6670189
school,Trường Quốc Tế Á Châu,10.7749228,106.6750119
school,Trường THCS Cách Mạng Tháng Tám,10.7780178,106.6786702
school,THPT Nguyễn Du,10.7792362,106.6624564
school,Trường CĐ Công Nghệ Thông Tin,10.7751001,106.6344971
school,Trường THCS-THPT Hoà Bình,10.774753,106.6359706
school,Trường THPT Nhân Việt,10.7780711,106.6364579
school,Trường THCS Thoại Ngọc Hầu,10.7816773,106.6413239
school,Trường THPT Thành Nhân,10.798656,106.6294359
school,Trường Đại Học CNTT Gia Định,10.8027601,106.6284398
school,Trường THPT Nhân Văn,10.803713,106.6279046
school,Trường THCS&THPT Khai Minh,10.7994028,106.6188883
school,Trường THPT An Dương Vương,10.7691479,106.6332686
school,Trường THCS Hoàng Diệu,10.7695089,106.6338847
school,Trường Cao đẳng Việt Mỹ,10.739315,106.6913595
school,Trường Cao Đẳng Phát Thanh Truyền Hình 2,10.7602821,106.6752665
school,Trường THCS Mạch Kiếm Hùng,10.7532857,106.6609099
school,Trung Tâm GDTX Quận 10,10.7663286,106.6750192
school,Trường Trung Cấp Phương Nam,10.7834817,106.6406037
school,THPT Quốc Văn Sài Gòn,10.7728047,106.6239844
school,Trường THCS Đoàn Kết,10.7591948,106.6284874
school,Trường Trung Cấp Tây Nam Á,10.749066,106.6425078
school,THPT Trần Nhân Tông,10.7603947,106.6239435
school,Trường THCS&THPT Dân Lập Đào Duy Anh,10.7506496,106.6351937
school,Trường THPT Nam Việt,10.8087247,106.6268702
school,Trường THPT Tư Thục Đinh Tiên Hoàng,10.8112784,106.6271079
school,THPT Quốc Trí,10.7497039,106.6352856
school,Trung Tâm Hướng Nghiệp Quận 6,10.7461189,106.6510907
school,Trung Tâm Ngoại Ngữ Thế Hệ Mới SAS,10.7731576,106.6449122
school,Trung Tâm Ngoại Ngữ,10.7485432,106.6894028
school,Đại Học Kinh Tế Tài Chính,10.7989905,106.7068081
school,Trường Tiểu Học Nguyễn Du,10.8480783,106.6357885
school,Trường Tiểu Học Nguyễn Khuyến,10.8505433,106.6383083
school,Trung Tâm Học Tiếng Nhật,10.7672307,106.6671167
school,Trường Trung Cấp Việt Khoa,10.8392245,106.612554
school,Trung Tâm Anh Văn Hội Việt Mỹ - VUS,10.7592636,106.698595
school,Trường THCS Lạc Hồng B,10.7702594,106.6685783
school,THCS Lạc Hồng,10.7690118,106.6682579
school,Học viện Nghệ thuật Biểu diễn & Âm nhạc Soul,10.7835066,106.6931601
school,Trung Tâm Đào Tạo Quản Trị Nhà Hàng Khách Sạn Á Âu,10.7873703,106.6923927
school,Trường Tiểu Học Triệu Thị Trinh,10.7782124,106.6735798
school,Trường Tiểu Học Bán Trú - Nội Trú Nhật Tân,10.8442408,106.6564324
school,Trung Tâm Tiếng Anh Yola,10.7440495,106.6122495
school,Trường Ngoại Ngữ Thần Đồng,10.7527587,106.6330513
school,Trung Tâm Tư Vấn Du Học Quốc Tế,10.7785962,106.6723967
school,Trung Tâm Dạy Học Tiếng Anh Apollo,10.7627262,106.6571962
school,Trường THCS Châu Văn Liêm,10.8034054,106.6877845
school,Trường Ngoại Ngữ Pixar - Cơ Sở 2,10.8564217,106.6540901
school,Trường Tiểu Học 1 Tháng 6,10.7534089,106.7093692
school,Lớp Học Nhạc - Hoạ Trí,10.7675613,106.6523359
school,Trường Tiểu Học Nguyễn Văn Kip,10.8193364,106.6332392
school,UEH-ISB Viện Đào Tạo Quốc Tế,10.7778944,106.6917901
school,Trường Tiểu Học Lê Lợi,10.8212062,106.6880912
school,Trường THCS Lương Thế Vinh,10.7848685,106.6691202
school,Trường THPT Văn Lang,10.7566296,106.6579211
school,Trường THCS&THPT Phan Bội Châu TP.HCM,10.7507647,106.6409969
school,Trường THCS Nguyễn Thị Thập,10.737657,106.7125799
school,Trường THCS - THPT Dân Lập Đào Duy Anh Cơ Sở 2,10.7737982,106.6562959
school,Trường Tiểu Học Rạch Ông,10.745167,106.6889853
school,Trường Tiểu Học Dương Minh Châu,10.7628721,106.6639876
school,Trường THPT Hồng Đức,10.8064632,106.6334577
school,Trường Trung Học Phổ Thông Phan Văn Trị,10.8293493,106.6864159
school,Trường Tiểu Học Đinh Bộ Lĩnh,10.737731,106.7084703
school,Trường Quốc Tế Singapore,10.7367224,106.6921957
school,Trường Tiểu Học Vạn Tường,10.793025,106.6764739
school,Trung Tâm Ngoại Ngữ Quốc Tế Mỹ - Việt Nam,10.7543812,106.6987558
school,Trường Tiểu học Vàm Cỏ Đông,10.7442983,106.6743412
school,Trường Tiểu học Lương Thế Vinh,10.8418079,106.6502555
school,Trường Tiểu học Hồng Đức,10.7399824,106.6471956
school,Trường Tiểu học - THCS Khai Nguyên - Cơ sở Quận Tân Bình,10.7979358,106.6417585
school,Trường THCS Inspire - Khai Nguyên - Cơ sở Quận 8,10.738285,106.665681
school,Trường Tiểu học Inspire - Khai Nguyên - Cơ sở Quận 8,10.7387313,106.6696696
school,"Trường Mầm non Pathway Tuệ Đức - Cơ sở Bông Sao, Quận 8",10.7367374,106.6610655
school,Trường THPT Đông Dương,10.8567747,106.6792755
school,Trường THCS Mạc Đĩnh Chi,10.7863264,106.6626899
school,Trường Mầm Non,10.808878418529558,106.67964870461338
school,Trường Trung học phổ thông Phú Nhuận,10.809425483506526,106.6757646557199
school,Trường Tiểu Học Hồ Văn Huê,10.808552370666739,106.67430014455194
school,Trường Trung học phổ thông Hoàng Hoa Thám,10.80411918267803,106.69293023819507
school,Trường THCS Độc Lập,10.8060739,106.68205180000001
school,Trường THPT chuyên Lê Hồng Phong,10.76363771457238,106.68142654652536
school,Trường Trung học Thực hành Sài Gòn,10.7613576749946,106.68061799135496
school,Tiểu học Lý Thường Kiệt,10.778477254401102,106.6555767154398
school,Trường THCS Nguyễn Gia Thiều,10.781225996167644,106.6555916370343
school,Trường Tiểu Học Nguyễn Bá Ngọc,10.807677553985672,106.68577466777204
school,Trường Trung cấp nghề Kỹ thuật Công nghệ Hùng Vương,10.758679088148185,106.66464674180547
school,Trường Phổ Thông Năng Khiếu,10.759094594738176,106.66657025208941
school,Trường Tiểu học Lý Nhơn,10.761565449939674,106.699115208266
school,Trường Tiểu học Đặng Trần Côn,10.760694987721973,106.69733043085012
school,Trường Tiểu Học Nguyễn Văn Trỗi,10.763286563988162,106.70155675552724
school,Trường Tiểu học Đoàn Thị Điểm,10.756598427320764,106.69374546543625
school,Trường THCS Nguyễn Huệ,10.7545326598096,106.69506088923022
school,Trường Tiểu học Nguyễn Thái Học,10.767960632045323,106.69597114897071
school,Trường Tiểu học Nguyễn Bỉnh Khiêm,10.788374840587652,106.70411723556838
school,Trường THPT Marie Curie,10.782409053198235,106.69078591059035
school,Trường Tiểu học Khai Minh,10.769168912733313,106.70039251939798
school,Trường THCS Vân Đồn,10.76151777217634,106.7016426049112
school,Trường THPT Nguyễn Trãi,10.759578060024007,106.7120684730961
school,Trường THCS Khánh Hội A,10.75516136083558,106.71694368150321
school,Trường Tiểu học Vĩnh Hội,10.753794124678038,106.7039974385763
school,Trường Trung học cơ sở Hồng Bàng,10.755699582563539,106.66075070967572
school,THCS Bình Tây,10.747143617003413,106.65155168857741
school,Trường THCS Chu Văn An,10.757269986831226,106.66646255914075
school,Trường THPT Hùng Vương,10.75657978362555,106.66382361472157
school,ILA - Nguyễn Đình Chiểu,10.782786755419655,106.69376571416832
school,Trường THPT Nguyễn Thị Minh Khai,10.778954601888765,106.68724472456827
school,Trường Tiểu Học Hồng Hà,10.798462641922637,106.71052503688793
school,Trường THCS Phú Mỹ,10.792096714014258,106.71202854506696
school,Trường Trung Cấp Nghề TT Quản lý Khách Sạn Việt Úc,10.784062138647538,106.69893777029498
school,Trường Tiểu học Hoà Bình,10.778919251085831,106.69898793845043
school,Trường Tiểu học Trần Quốc Tuấn,10.801322657907228,106.64911071588301
school,"Trường Tiểu hoc, THCS & THPT Thanh Bình",10.797422363936855,106.65355393813616
school,Trường THCS Hoàng Hoa Thám,10.803517940557793,106.6468429846559
school,Trường Tiểu học Tân Sơn Nhất,10.806394174705492,106.66178787901849
school,Trường THPT Trưng Vương,10.78531756619857,106.70639974479353
school,Trường tiểu học Đô Lương,10.787978743980094,106.672008685478
school,Trường THCS Ngô Tất Tố,10.796626884477323,106.67032089213959
school,Trường Tiểu học - THCS - THPT Sao Việt,10.743280493166749,106.69925017355375
school,Trường Mầm non Ngôi Sao Tuổi Thơ - Tiểu học - THCS - THPT Hoàng Gia,10.732466992796011,106.7111076492427
school,Trường Tiểu học Vỗ Thị Sáu,10.733362924357904,106.71090806964352
school,Trường PT Dân Lập Văn Hiến,10.753111992749238,106.70744143066813
school,Singapore International School,10.736665403307706,106.69237643009426
school,High School of North America,10.737990532974093,106.69095007922304
school,Trường THCS Trung Sơn,10.734110450720939,106.69208692078058
school,Trường Quốc Tế American,10.75760905,106.68523394999998
school,Trường Quốc tế Á Châu,10.799475696464606,106.65349734521074
school,Trường cấp 1-2 Tân Sơn,10.837041471645271,106.6425312225307
school,THCS Phạm Đình Hổ,10.745308940215601,106.64920433848552
school,Trường tiểu học Nguyễn Huệ,10.746702399001919,106.65178697165659
school,Trường tiểu học Tân Quy,10.741019663426627,106.70433323498217
school,Trường tiểu học Lương Thế Vinh,10.746220574687557,106.7106590324637
school,Trường THPT Lê Thánh Tôn,10.745282538948906,106.71068127199405
school,Trường tiểu học Nguyễn Thị Định,10.74299368980172,106.71624299964058
school,Trường trung học cơ sở Nguyễn Hữu Thọ,10.74810628447141,106.7150081888518
school,Trường THCS Nguyễn Du,10.772809869978436,106.69396066666927
school,Trường Tiểu học Kết Đoàn,10.768474207949662,106.68850411748667
school,Trường THPT Nguyễn Hữu Thọ,10.767303448878845,106.70472884368887
school,Trường Tiểu học Bạch Đằng,10.765396742933964,106.70337299657139
school,Trường Tiểu học Tăng Bạt Hổ B,10.75455928498865,106.70997108044601
school,Trường THPT Hàn Thuyên,10.794205613127243,106.67004508128616
school,Trường THCS Nguyễn Tri Phương,10.762910198408418,106.66335339964796
school,Trường Tiểu Học Trương Quyền,10.785390398032348,106.6776446839372
school,Trường Trung học phổ thông Tân Phong,10.726695651258773,106.69282162594841
school,Trường THCS Lam Sơn,10.799706316190415,106.70012410978056
school,Làng Trẻ em SOS Gò Vấp,10.839033729541264,106.64578507563265
school,Trường Trung học Tư thục Nguyễn Khuyến (Cơ sở 4),10.839209907464719,106.71261455126374
school,Trường Tiểu học Yên Thế,10.801306066582722,106.64286751943786
school,Trường Tiểu học Đinh Tiên Hoàng,10.789397309198245,106.6979724713669
school,Trường THCS Lê Lợi,10.778260931841768,106.68197567786399
school,Trường THCS Collete,10.77590222884808,106.68656127994817
school,Trường THCS Lý Thánh Tông,10.747829956172547,106.6736773592682
school,Trường Tiểu học Hanh Thông,10.821094357669715,106.68816423340554
school,Trường tiểu học Nguyễn Thượng Hiền,10.814641001501977,106.6857225613394
school,Trường THCS Phú Định,10.737819425525498,106.63028470534417
school,Trường Tiểu học Phú Định,10.735855953901398,106.63288066073768
school,Trường Tiểu Học Phan Chu Trinh,10.778001842470392,106.62651292896767
school,Trường Tiểu Học Nguyễn Thái Sơn,10.788934085067002,106.68813299907495
school,Mẫu Giáo Hoa lan,10.821368741358002,106.68828026520174
school,Trường THPT Lương Văn Can,10.740145537447692,106.66968080522037
school,Trường tiểu học Cổ Loa,10.805297981516766,106.68061417451307
school,Trường THPT Trần Khai Nguyên,10.75849259008264,106.66870165378265
school,Trường THCS Ngô Sĩ Liên,10.798266065444606,106.6646722394416
school,Trường THCS Đào Duy Anh,10.791637369083388,106.67959798108475
school,Trường tiểu học Nguyễn Đình Chính,10.792915342163857,106.67910684337451
school,Trường Tiểu học Đống Đa,10.808735754213204,106.71624620336969
school,Trường THCS Lê Quý Đôn,10.768459391739835,106.64238539322717
school,Trường Tiểu học Phú Thọ,10.76052373562324,106.652549738723
school,Trường THCS Phú Thọ,10.760227385689495,106.65272065203605
school,Trường THPT Nguyễn Thị Diệu,10.78932367997178,106.68889841764607
school,Trường THPT Nguyễn Thái Bình,10.78003102228376,106.65518594774372
school,Trường tiểu học Đống Đa,10.781518029258955,106.6560322730968
school,Trường THCS Nguyễn Văn Nghi,10.821908101186986,106.69144341108984
school,Trường THPT Nguyễn Thượng Hiền,10.793401043305405,106.65482379035329
school,Trường Tiểu học Trần Quốc Toản,10.792739710416013,106.64390772347127
school,Trường Tiểu học Lê Văn Sỹ,10.798636223642402,106.66701218033555
school,Trường THCS&THPT Nguyễn Khuyến Cơ Sở 3A,10.806534022057244,106.64367196156653
school,Trươờng Tiểu học Lê Thị Hồng Gấm,10.78517110276671,106.64425033747037
school,Trường THCS-THPT Nguyễn Khuyến (cơ sở 3B),10.807347100105341,106.64314829253911
school,Trường Tiểu học Duy Tân,10.774393582587042,106.6299693001894
school,Trường Mầm Non Mặt Trời Bé Con,10.742287213892821,106.70982835749415
school,Trường Tiểu Học & THPT Thái Bình Dương,10.81558170056591,106.67328221920715
school,Trường THCS Điện Biên,10.799527633242556,106.70920881913992
school,Trường THCS Trường Chinh,10.796334361659994,106.64761112282055
school,Trường THCS Ba Đình,10.756707381707201,106.68219768757814
school,Trường THPT Phan Đăng Lưu,10.805769704282506,106.68638742997011
school,Trường THPT Bình Phú,10.735509929139495,106.62755471783775
school,Trường THPT Nguyễn Tất Thành,10.747161865105008,106.63620120268469
school,Trường Tiểu học Phù Đổng,10.743820773948967,106.62949493231078
school,Trường THCS Mạch Kiếm Hùng,10.753549133321506,106.66097220500832
school,Trường Tiểu học Lý Cảnh Hớn,10.751283023486979,106.66528743865119
school,Trường Tiểu học Minh Đạo,10.754197942798948,106.66188412088032
school,Trường Tiểu học Lê Đình Chinh,10.748733266861766,106.65693437934917
school,Trường THCS Sương Nguyệt Ánh,10.735821860188164,106.65810038353757
school,Trường THPT Tạ Quang Bửu,10.733652751084852,106.66045682339693
school,Trường Tiểu học Bình Hưng,10.726635354390131,106.6527598758048
school,Trường Tiểu học Bông Sao,10.739097332264466,106.65785009096591
school,Trung Tâm GDNN - GDTX Quận 8,10.743047512783775,106.67171001366786
school,Trường THCS Chi Lăng,10.762765615377438,106.70096507680604
school,Trường THCS Chánh Hưng,10.742181038830239,106.66662721656117
school,Trường Tiểu học Hoàng Minh Đạo,10.737224884588807,106.6624945089762
school,Trường Tiểu học Thái Hưng,10.737729035613473,106.67246032524791
school,Trường THCS Hoàng Lê Kha,10.752486531829083,106.64125513542758
school,Trường THCS Hậu Giang,10.754805342570666,106.64879828109902
school,Trường THCS Lê Anh Xuân,10.757689136102224,106.63982823061149
school,Trường THCS Nguyễn Đức Cảnh,10.753732504945525,106.64337043173656
school,Trường THCS Trần Danh Ninh,10.751317474296087,106.68098271368355
school,Trường THCS Tùng Thiện Vương,10.745067888963078,106.65985739092868
school,Trường THPT Mạc Đĩnh Chi,10.754889086206296,106.63478099953606
school,Trường THPT Võ Văn Kiệt,10.744486785932338,106.6535056557549
school,Trường Tiểu học Bình Tiên,10.74763286382326,106.642111104078
school,Trường Tiểu học Chi Lăng,10.750891396540448,106.64536960901252
school,Trường Tiểu học Châu Văn Liêm,10.748249649999998,106.64601314999999
school,Trường Tiểu học Hùng Vương,10.739288129486502,106.63636624708249
school,Trường Tiểu học Hưng Phú A,10.745995,106.67152360000001
school,Trường Tiểu học Hưng Việt,10.758019006877484,106.6373937867768
school,Trường Tiểu học Lê Văn Tám,10.751145904526807,106.64185729830082
school,Trường Tiểu học Phú Lâm,10.755153904614511,106.63430388072493
school,Trường Tiểu học Phạm Văn Chí,10.740960027418089,106.63909098139396
school,Trường Tiểu học Trần Nguyên Hãn,10.746568094092606,106.65841678725276
school,Trường Tiểu học Tuy Lý Vương,10.744985525723598,106.65924791747715
school,Trường Tiểu học Võ Văn Tần,10.751789759236871,106.64918581866317
school,Trường Tiểu học Đinh Công Tráng,10.744207717754739,106.66319197027681
school,Trường Tiểu Học Lý Thái Tổ,10.74853155800279,106.66202135896658
school,Trường THCS - THPT Tân Phú,10.783055114883346,106.64008251377437
school,Trường THCS Phan Bội Châu,10.791601721987695,106.63421730502648
school,Trường Tiểu học Huỳnh Văn Chính,10.780333058761602,106.63889424040369
school,Trường THPT Trần Quang Khải,10.769140518110975,106.64257674454413
school,Trường THPT Tư thục Trương Vĩnh Ký,10.774228246164956,106.64582245367566
school,Trường Tiểu học Trần Văn Ơn,10.773205483340613,106.64720531307435
school,Trường THPT An Lạc,10.731520886899034,106.61219630518674
school,Trường Tiểu học Trần Bình Trọng - Khu B,10.757519795661617,106.68128673994327
school,Trường Tiểu học Trần Bình Trọng - Khu A,10.75694200341494,106.6812703006278
school,Trường mẫu giáo Vàng Anh,10.746024483566789,106.66967599331629
school,Trường Tiểu học Trần Danh Lâm,10.751170328482003,106.68142522488854
school,Trường tiểu học Rạch Ông,10.745009090634072,106.68893559592883
school,Trường THCS Dương Bá Trạc,10.747796534801774,106.68806434713208
school,Trường Tiểu Học Âu Dương Lân,10.746894947119223,106.68302896271288
school,Trường THCS - THPT Bán Trú Nội Trú Hồng Hà - Cơ Sở 4,10.829299354475683,106.67336855994765
school,Trường Tiểu học Hiệp Tân,10.768779384281595,106.62479256160154
school,Trường THPT Nguyễn Hiền,10.761610901581031,106.65035252406015
school,Trường Tiểu học Lạc Long Quân,10.761792486302316,106.65093879852388
school,Trường Tiểu học Quyết Thắng,10.766274700000002,106.65252923333333
school,Trường THCS Lữ Gia,10.771836350048575,106.65422947696621
school,Trường Tiểu học Trưng Trắc,10.774288716537406,106.65333377108621
school,Trung tâm Dạy nghề Quận 11,10.773399973662254,106.6535970788374
school,Trường THCS&THPT Phan Châu Trinh,10.754192653686557,106.61283367264078
school,Trường Tiểu học Đại Thành,10.77028400727242,106.64986310673562
school,Trường THCS Tân Thới Hòa,10.765857364166042,106.62600144624025
school,Trường Tiểu học Nguyễn Thị Nhỏ,10.7697237,106.65346816666667
school,Trường Tiểu học Phùng Hưng,10.764537185421736,106.64266900452692
school,Trung tâm Giáo dục Thường xuyên Quận 11,10.769336410080328,106.64530709221316
school,Trường Tiểu học Bình Trị Đông,10.764460419704644,106.62213866273026
school,Trường THPT Trần Cao Vân,10.769401895960414,106.62735228237024
school,Trường THPT Trần Phú,10.787098829317863,106.62552953367388
school,Trường THCS Nguyễn Văn Phú,10.76186540736071,106.63964911400375
school,Trường Tiểu học Hàn Hải Nguyên,10.759195543040814,106.6457786398173
school,Trường THPT Nguyễn Du,10.778854985828234,106.66192618797325
school,Trường THPT Tân Bình,10.798757700345298,106.62834480651424
school,Trường Mầm non Hoạ Mi 2,10.757368604411937,106.6613148715677
school,Trường Tiểu học Trần Hưng Đạo,10.761560908364961,106.68912854349342
school,Trường Tiểu học Đề Thám,10.75869228010208,106.65951984992203
school,Trường cấp 1 Phan Văn Hân,10.773686910170133,106.68688906500695
school,Trường THCS Kiến Thiết,10.773305812170657,106.68632948714692
school,Trường THPT Bùi Thị Xuân,10.76906896748122,106.68814552518808
school,Trường THPT Lê Quý Đôn,10.77965307892404,106.69410578622983
school,Trường Tiểu học Nguyễn Viết Xuân,10.826249240939365,106.69339491140073
school,Trường THCS Nguyễn Văn Trỗi,10.817253984831016,106.68189747900571
school,Trường THPT Gò Vấp,10.816119202203373,106.68086088402204
school,Trường THPT Dân Lập Trí Đức 1,10.805879896702862,106.61155062681026
school,Trường THCS Trần Văn Đang,10.786781049999998,106.65953110000001
school,Trường Tiểu học Bành Văn Trân,10.788041375701342,106.65734533595516
school,Trường Tiểu học Bắc Hải,10.78384710114686,106.66239917905864
school,Trường THPT&THCS Tư thục Trương Vĩnh Ký,10.788903082284435,106.6565286980747
school,Trường Tiểu học Võ Trường Toản,10.776267312002917,106.65934891337247
school,Trường Tiểu Học Bình Giã,10.789168363639265,106.66479766775979
school,Trường THCS Phan Văn Trị,10.829530635036091,106.68640545470284
school,Trường Tiểu học Phạm Ngọc Thạch,10.790686793686028,106.66701735015238
school,Trường Tiểu học Phạm Văn Hai,10.790541532882207,106.6608027442656
school,Trường Tiểu học Âu Cơ,10.761649149508989,106.6309783658976
school,Trường Trung cấp Phương Nam,10.768243097005914,106.63028960809244
school,Trường THCS Đồng Khởi,10.776724739739624,106.63281947347735
school,Trường Tiểu học Nguyễn Văn Luông,10.747383067183483,106.63720618444822
school,Trường THCS Nguyễn Văn Luông,10.743846686081936,106.63666115383711
school,Trường Tiểu Học Chí Linh,10.790485820938834,106.6683115994661
school,Trường Tiểu học Võ Thị Sáu,10.784303824735328,106.62107427884712
school,Trường Tiểu học An Lạc 3,10.73883504827522,106.61304883927868
school,Trường Tiểu học An Lạc 2,10.753778033104858,106.62079337917757
school,Trường THCS An Lạc,10.756287401857303,106.62082749590881
school,Trường THPT Nguyễn Khuyến,10.769686025654165,106.66683715600333
school,Trường THPT Vạn Hạnh,10.77211083390387,106.67070843953262
school,Trường THCS và THPT Diên Hồng,10.770564311560586,106.66557115622082
school,Trường Tiểu học Tân Hóa,10.763225622422427,106.63468359561891
school,Trường Quốc tế Việt Úc,10.766498294150542,106.66305994146391
school,Trường Giáo dục thường xuyên quận Tân Phú,10.790176162955623,106.62981312879613
school,Trường Tiểu Học Bình Trị 2,10.749319636025996,106.61693325932751
school,Trường THCS Lê Tấn Bê,10.72733198517446,106.6143275217226
school,Trường THCS Trần Quốc Toản,10.789082987316627,106.61248123485112
school,Trường THPT Ngô Gia Tự,10.734513307188289,106.63772498104659
school,Trường THCS Bình An,10.725259478334978,106.63688633874206
school,Trường Tiểu học Nguyễn Thi,10.755488980407636,106.6438947411901
school,Trường Tiểu học Trần Văn Kiểu,10.761934421404144,106.66097224946381
school,Trường THCS&THPT Ngôi Sao,10.749321066799208,106.61406901714668
school,Trường Tiểu học Hồ Thị Kỷ,10.766286323189203,106.67628708895282
school,Trường Tiểu học Trần Nhân Tôn,10.762627892113914,106.67341773574347
school,Trường Tiểu học Trương Định,10.76420545356948,106.67263580122899
school,Trường THPT Nguyễn An Ninh,10.761608327948354,106.67414763515828
school,Trường THCS và THPT Sương Nguyệt Anh,10.762131562336906,106.67129144191
school,Trường Phổ thông Đặc biệt Nguyễn Đình Chiểu,10.760616444264768,106.6701549428288
school,Trường THCS Lạc Hồng,10.769528870088555,106.6687160483264
school,Trường Tiểu học Thiên Hộ Dương,10.77676776136269,106.66468713327936
school,Trường THCS Trần Phú,10.783343201271213,106.6618688387485
school,Trường THPT Trần Hưng Đạo,10.846196464550093,106.6825719241889
school,Bạch Đăng,10.785123025447529,106.6611415610228
school,Trường Tiểu Học Chi Lăng,10.784637598772806,106.65812422770028
school,Trường THCS Đặng Trần Côn,10.80234300693167,106.6303621966279
school,Trường THPT Trường Chinh,10.841367340370892,106.62532849209624
school,Trường tiểu học Bình Giả,10.792581449999998,106.66366379999997
school,Trường THCS Hai Bà Trưng,10.788527952558802,106.6904003333432
school,Trường Tiểu học Hồ Văn Cường,10.774448965306744,106.6434125362482
school,Trường Tiểu học Sơn Cang,10.808514189446935,106.64610528256439
school,Trường THCS Đống Đa,10.804803022205036,106.71790330989178
school,Trường THPT Gia Định,10.804713991043087,106.71856424171548
school,Trường THPT Lê Trọng Tấn,10.806963428359905,106.6178191296028
school,Trường THCS Tôn Thất Tùng,10.80625571749733,106.61793787758843
school,Trường THPT Nguyễn Chí Thanh,10.806324605282857,106.6461183878008
school,Trường THCS Võ Văn Tần - CS1,10.789383760911544,106.64687413850238
school,Trường Tiểu học Nguyễn Văn Trỗi,10.79095989935078,106.65182714871662
school,Trung Tâm Giáo Dục Trẻ Khuyết Tật Quận 4,10.755869524493793,106.69365009603793
school,Trường Tiểu học Nguyễn Huệ 1,10.755595935020839,106.69337013689092
school,Trường Tiểu học Bán trú Đống Đa,10.75374170083542,106.70585556613689
school,Trường THCS Quang Trung,10.754810775194962,106.69781440872276
school,Trường Tiểu học Bến Cảng,10.760954689441022,106.70981276289928
school,Trường Tiểu học Xóm Chiếu,10.76172095741341,106.70811733293927
school,Trường Tiểu học Nguyễn Thái Bình,10.754306735319247,106.71710001451562
school,Trường THCS Nguyễn Vĩnh Nghiệp,10.834594995460398,106.6190390826552
school,Trường Tiểu học Phan Huy Ích,10.83062152720955,106.63246965084724
school,Trường Tiểu Học Phan Huy Ích,10.830522927829556,106.63263669045888
school,University of Green,10.744199260885331,106.644249022925
school,Trường Tiểu Học Lê Văn Thọ,10.852497442699327,106.65971470306552
school,Trường THCS&THPT Duy Tân,10.783625123098908,106.66275488814823
school,Trường Quốc tế Việt Nam - Phần Lan,10.732400788550022,106.69497617888891
school,Trường Tiểu Học Thạnh Mỹ Tây,10.789972028734587,106.70930256829531
school,Vinschool Golden River,10.786179577159576,106.71155153957774
school,Trường THCS và THPT Trần Đại Nghĩa,10.779319464781677,106.70125657681062
school,Trường Tiểu Học Hoà Bình,10.771559516405645,106.70280141173082
school,Trường THCS Võ Trường Toản,10.786162931010496,106.70549722546299
school,Trường THPT Ernst Thälmann,10.768930611563501,106.6955099531801
school,Trường Tiểu học Nguyễn Huệ 3,10.755152951234992,106.69894284193602
school,Trường THCS Minh Đức,10.766343805605505,106.69573848349334
school,Trường THPT Lương Thế Vinh,10.763304939542952,106.69379717860943
school,Trường Tiểu học Nguyễn Đình Chiểu,10.80317051347376,106.69802259279882
school,Trường THCS Trương Công Định,10.802140416992334,106.69618775838002
school,Trường THPT Võ Thị Sáu,10.797965830829426,106.69571357669042
school,Trường THCS Hà Huy Tập,10.80240196547712,106.69405251709911
school,Trường Tiểu Học Đông Ba,10.8034539708607,106.68688829120183
school,Trường Tiểu học Cao Bá Quát,10.804196313589095,106.68495383799336
school,Trường THCS Nguyễn Văn Tố,10.776645346641303,106.66080660897914
school,Trường Tiểu học Đặng Nguyên Cẩn,10.753414024548473,106.63208283197422
school,Trường Tiểu học Lam Sơn,10.74772620104458,106.63004589128279
school,Trường Tiểu học Lê Công Phép,10.737642174646423,106.62121055410513
school,Trường THCS Âu Lạc,10.793544617946393,106.65773865860463
school,Trường THPT Phạm Phú Thứ,10.743255217470495,106.64768621960351
school,Trường Tiểu học Trần Quang Diệu,10.788418215785885,106.67728038046042
school,Trường Quốc tế Việt Úc (VAS) - Cơ sở Sunrise,10.738581346718771,106.69743594546729
school,Trường THCS Trần Bội Cơ,10.751163129805223,106.65693849499614
school,Trường THPT tư thục Phú Lâm,10.75582434180229,106.63100499307623
school,Trường Tiểu học Vĩnh Xuyên,10.74754705,106.65288849999999
school,Trường Tiểu học Nguyễn Thiện Thuật,10.748333527157085,106.64813219894154
school,Trường Tiểu học Nhật Tảo,10.745163176927605,106.64672918472981
school,Trường Tiểu học Kim Đồng,10.740716347949917,106.64412007475413
school,Trường Tiểu học Đinh Bộ Lĩnh,10.802588668660933,106.62189529027185
school,Trường Tiểu học Bùi Hữu Nghĩa,10.75443358865343,106.62183790419374
school,Trường Tiểu học Him Lam,10.752686288001046,106.62507465512604
school,THCS Hiệp Bình,10.841141802599585,106.71842389286212
school,Trường Tiểu học Bình Triệu,10.829143861264674,106.71535531263531
school,Trường TH - THCS - THPT Lê Thánh Tông,10.805630302180797,106.62120217961328
school,Trường THCS Võ Thành Trang,10.790622134835983,106.62029160040079
school,Trường Tiểu học Tô Vĩnh Diện,10.791331846324237,106.61963077550867
school,Trường Tiểu học Tân Hương,10.793581678408428,106.62165094784821
school,Trường Tiểu học Bình Long,10.785493794462882,106.6118800753957
school,Trường Tiểu học Tân Thới,10.79201029619072,106.61691836430272
school,Trường THPT Trần Văn Giàu,10.831131251715089,106.69893345344727
school,Trường THCS Bình Lợi Trung,10.830606876103843,106.70107104065666
school,Trường Tiểu học Bình Lợi Trung,10.827325020181414,106.70489016875555
school,Trường Tiểu Học Trần Quốc Toản,10.826665147442784,106.68854462156473
school,Trường THCS Nguyễn Văn Trỗi - cơ sở 2,10.819574586143732,106.68613649279432
school,Trường THCS Gò Vấp,10.825405030714919,106.68542257437582
school,Trường Tiểu học Lê Đức Thọ,10.849633978935188,106.67502139875008
school,Trường THCS Phan Tây Hồ,10.84750852662921,106.66313949676915
school,Trường Tiểu học Phan Chu Trinh - cơ sở 1,10.849582169609022,106.66236506150938
school,Trường THPT Nguyễn Trung Trực,10.847791612515381,106.6692292757863
school,Trường Tiểu học Lê Văn Thọ,10.852487807953112,106.65970638824086
school,Trường Tiểu học Lê Quý Đôn,10.855027904938385,106.64750194656868
school,Trường THCS Huỳnh Văn Nghệ,10.855598320923532,106.64761447778997
school,Trường Tiểu Học An Hội,10.844285332858325,106.64134317837937
school,Trường THCS Phạm Văn Chiêu,10.844463323328057,106.64185728957321
school,Trường THCS Thông Tây Hội,10.83555970801012,106.66274014687362
school,Trường Tiểu học Nguyễn Thị Minh Khai,10.834695349331307,106.66262981631284
school,Trường Tiểu học Bình Hòa,10.8167581146597,106.70196749828621
school,Trường THCS Rạng Đông,10.817089390048542,106.70252880906448
school,Trường THPT Thanh Đa,10.815986312046846,106.70789585768613
school,Trường Tiểu Học Chu Văn An,10.8125516,106.70595325
school,Trường THCS Lê Văn Tám,10.809618058801284,106.70852307418944
school,Trường Tiểu học Cửu Long,10.790077319173433,106.71458693982312
school,Trường THCS Cửu Long,10.79157882444005,106.71475469810728
school,Trường THCS Cù Chính Lan,10.815788463855023,106.71741067237772
school,Trường Tiểu học Tầm Vu,10.814272798891542,106.71621494991902
school,Trường THPT Tây Thạnh,10.814096968817374,106.621992836938
school,Trường Tiểu học Lê Lai,10.812685804219901,106.62173185003752
school,Trường Mầm Non Tây Úc,10.790192972485048,106.71726499593078
school,Trường THPT Năng Khiếu Thể Dục Thể Thao,10.791068552443024,106.69861889902177
school,Trường THCS & THPT Nhân Văn,10.804264100000001,106.6276924
school,Trường THPT Vĩnh Viễn,10.804815008213978,106.63038423102279
school,Trường Tiểu Học Dân Lập Quốc Tế Việt Úc,10.796934201751114,106.69222343671058
school,Trường Tiểu học Huỳnh Mẫn Đạt,10.75248900490629,106.67693882614078
school,Trường THCS Khánh Bình,10.742504858296254,106.68445933651762
school,Trường Tiểu học Nguyễn Thanh Tuyền,10.785704403275533,106.68787710482631
school,Trường Tiểu học Đặng Văn Ngữ,10.794691924442471,106.6702458164222
school,Trường THCS Thông Tây Hội (cơ sở 2),10.834296911737558,106.6624504233117
school,Trường Tiểu học Kỳ Đồng,10.782330300865336,106.68127707183359
school,Trường Tiểu học Tân Sơn Nhì,10.798447207401626,106.63680260914931
school,Trường Quốc tế Bắc Mỹ,10.730763341490896,106.6877004847832
school,Trường THCS Tân Bình,10.788825335858,106.66009945649391
school,Học viện Kỹ thuật Mật mã,10.800718439929563,106.65715607389632
school,Trường THCS Bàn Cờ,10.77292411957691,106.68211358879553
school,Phân hiệu THPT Lê Thị Hồng Gấm,10.78425977580098,106.69126436645708
school,Trường THPT Chuyên năng khiếu TDTT Nguyễn Thị Định,10.723835984768323,106.6218150640785
school,Trường Song ngữ Quốc tế EMASI,10.842586645668671,106.71322083777554
school,Trường THCS Cầu Kiệu,10.796432718322482,106.682005588118
school,Trường Tiểu học Nguyễn An Khương,10.826715551544783,106.61520693498214
school,Trường THCS Nguyễn Anh Thủ,10.826454686180993,106.616088276612
school,Trường THCS Văn Thân,10.740079317758898,106.63757944652922
school,Trường THCS Nguyễn Thái Bình,10.736461382962572,106.62776515926801
school,Trường Tiểu học Phạm Văn Chí - Cơ sở 2,10.73692874750369,106.63523031271278
school,Trường Tiểu Học Phan Chu Trinh- Cơ Sở 2,10.847932268975711,106.66196968906596
school,Trường Tiểu học Bàu Sen,10.758456036237835,106.67893443234503
school,Trường THPT Trí Đức,10.784290043197332,106.64024665447661
school,Trường TH-THCS Hồng Ngọc,10.783983301060571,106.64048453527839
school,Trường Tiểu học Hàm Tử,10.752857191785134,106.68034815098359
school,Trường Tiểu học Huỳnh Kiến Hoa,10.751178227986209,106.67138403953841
school,Trường Tiểu học Chương Dương,10.750856420424356,106.67286085912039
school,Trường Tiểu học Nguyễn Nhược Thị,10.730289761335444,106.63408039547384
school,Trường Tiểu học Hoàng Văn Thụ,10.793382182229857,106.6586053658412
school,Trường Tiểu học Bùi Minh Trực,10.732214611579504,106.6445914772436
school,Trường Tiểu học Bình Giã,10.793157923971052,106.66162256299529
school,Trường Tiểu học Trần Văn Đang,10.78616831552129,106.67215097170217
school,Trường THPT Hồng Hà,10.798893992450362,106.66359984299272
school,"Trường Mầm non - Tiểu học Pathway Tuệ Đức - Cơ sở Tân Thới Nhất 17, Quận 12",10.825255388235762,106.62476399094918
school,Trường THCS - THPT Pathway Academy,10.843495095282245,106.6276902258037
school,"Trường Tiểu học Pathway Tuệ Đức - Cơ sở Hà Huy Giáp, Quận 12",10.851907589368727,106.67939639725655
school,"Trường Mầm non Pathway Tuệ Đức - Cơ sở Lê Đức Thọ, Quận Gò Vấp",10.849411379293603,106.6697373481535
school,"Trường THCS - THPT Pathway Tuệ Đức - Cơ sở Nguyễn Sỹ Sách, Quận Tân Bình",10.82099372558781,106.6352659074592
school,"Trường Mầm non Pathway Tuệ Đức - Cơ sở Nguyễn Đình Chiểu, Quận 3",10.782960767008575,106.6937982337985
school,"Trường Mầm non - Tiểu học Pathway Tuệ Đức -Cơ sở Bình Hưng, Bình Chánh",10.728954397722458,106.65248870530777
school,Trường THCS & THPT Nguyễn Khuyến,10.801900682754152,106.65702071686664
school,Trường THCS & THPT Thái Bình,10.796943803008245,106.65109639307491
school,Trường Tiểu học chuyên biệt Bình Minh,10.794371628431543,106.63744278241506
school,Trường THCS Trần Quang Khải,10.795593071153275,106.63345985956009
school,Trường Tiểu học Thân Nhân Trung,10.806234535667752,106.64035313740874
school,Trường THCS Võ Văn Tần - CS2,10.788751694898268,106.64515731813462
school,Trung tâm GDTX quận Tân Bình,10.793071861067233,106.64959133009665
school,Trường Tiểu học Nguyễn Khuyến,10.793218471005195,106.64732882053298
school,Trường THCS Ngô Quyền,10.794398678081464,106.64925682496202
school,Trường Tiểu học Cách Mạng Tháng Tám CS1,10.79399780217479,106.65078921374234
school,Trường THCS Tăng Bạt Hổ,10.75524655107286,106.71340201234752
school,Trường Chuyên biệt Bình Minh - CS2,10.795077316306879,106.63207653823
school,Trường Tiểu học Trần Quang Cơ,10.761225988614763,106.66923814403359
school,Trường Quốc tế Việt Úc - Cơ sở Garden Hills,10.823067121735424,106.69490276938983
school,Trường THPT Trần Hữu Trang,10.752678119895753,106.66332181242612
school,Trường Tiểu học Trần Khánh Dư,10.794831586750297,106.69170223712145
school,Trường Tiểu học Đuốc Sống,10.790385585899084,106.69190174623937
school,Trường Tiểu học Nguyễn Huệ,10.770864539369155,106.69098322224002
school,Trường Tiểu học Trần Quang Khải (cơ sở 1),10.793243300736602,106.69335431828043
school,Trường Tiểu học Trần Quang Khải (cơ sở 2),10.789622602882798,106.69341304263804
school,Trường Tiểu học Phan Văn Trị,10.76694313770769,106.68439954637189
school,Trường Tiểu học Lê Ngọc Hân,10.772792241446771,106.68948534092804
school,Trường THCS Huỳnh Khương Ninh,10.789299903809614,106.69575312289552
school,Trường Tiểu học Dương Minh Châu,10.762507372461693,106.66382308724806
school,Trường Tiểu học Tô Hiến Thành,10.781456213830305,106.66991495378274
school,Trường Tiểu học Lê Thị Riêng,10.780124158517896,106.67193825998665
school,Trường Tiểu học Nguyễn Chí Thanh,10.759971255696865,106.66755112418518
school,Trường Tiểu học Điện Biên,10.774333382640474,106.67978631578434
school,Trường Tiểu học Triệu Thị Trinh,10.77821849307139,106.673621081825
school,Trường THCS Hoà Hưng,10.781777218238108,106.67211391174008
school,Trường tiểu học Nguyễn Trực,10.744709510731044,106.69071278514876
school,Trường Giáo dục Chuyên biệt Hy Vọng,10.848513324179551,106.6710439795374
school,Trường Mầm non Hồng Nhung,10.82166911353543,106.6864663066568
school,Trường Tiểu học Nguyễn Thị Định,10.830559148301331,106.61576295980538
school,Trường Tiểu học Quang Trung,10.848694170690106,106.61278106436951
school,Trường Tiểu học Bình Lợi Trung - Cơ sở 2,10.825708873168345,106.70635372068811
school,Trường Tiểu học Thái Hưng (cơ sở 2),10.748750353447024,106.67037317286908
park,Công viên Hoa hồng,10.766783,106.6597925
park,Công Viên Dương 4,10.7361566,106.6705626
park,Công viên Bình Phú,10.7435177,106.6310353
park,Công viên Phần mềm Quang Trung,10.8537839,106.6283152
park,Công viên Làng Hoa Gò Vấp,10.8420884,106.6565352
park,Công viên nội bộ chung cư Hòa Bình,10.7670592,106.6610774
park,Công viên Phúc An Khang,10.7269751,106.6476137
park,Công viên Dạ Nam,10.7489187,106.6835781
park,Công viên Đống Đa,10.7758758,106.7017186
park,Công viên Văn Thánh,10.797617634419279,106.71553933652338
park,Công viên 30/4,10.77923035429604,106.6973776582395
park,Công viên 23 tháng 9,10.769504346848885,106.69394416233143
park,Công viên Bến Bạch Đằng,10.77252215377145,106.7066401296309
park,Công viên Gia Định,10.812526155929607,106.67507584837833
park,Công viên Hoàng Văn Thụ,10.801794849312321,106.66438316284311
park,Thảo Cầm Viên Sài Gòn,10.787892328330285,106.70653594949685
park,Công viên Lê Thị Riêng,10.784913972073102,106.66468906137753
park,Công viên Lê Văn Tám,10.788162484332108,106.69370659679097
park,Khu du lịch Kỳ Hòa,10.773828891037066,106.67257596479959
park,Công viên Phú Lâm,10.748082657256,106.62494005740339
park,Công Viên Văn Hóa Phú Nhuận,10.802829558064767,106.6904210563814
park,Công viên Hòa Bình,10.760608433333331,106.6736416
park,Công viên Hồ Bán Nguyệt,10.726242138150496,106.71672099097975
park,Công viên Văn Lang,10.756536098246167,106.66775320405421
park,Công viên Chi Lăng,10.777779736676662,106.70156242336326
park,Công viên Bách Tùng Diệp,10.776462999862432,106.69918881509436
park,Công viên Tôn Thất Thuyết,10.75446229860536,106.71881590777888
park,Công viên Phường 5,10.757844878121928,106.69953425732785
park,Công viên Dạ Trạch,10.7566315,106.66683919999998
park,Công viên Cửu Long,10.750846556207465,106.653861825575
park,Công viên Võ Văn Kiệt,10.75071020944463,106.668637263732
park,Công trường Mê Linh,10.775293983043072,106.70633408481007
park,Công viên Phường 2,10.748717030707496,106.68368182042056
park,Công viên Wonderland,10.730708250000001,106.7113438
park,Công viên Thích Quảng Đức,10.775388571161729,106.68680522957784
park,Công viên Cao Lỗ,10.737060759266368,106.67609672295782
park,Công viên Bông Sao,10.73550039482639,106.66267590157852
park,Chung cư City Garden,10.793838612885963,106.71200562271984
park,Công viên Lò Gốm,10.740510532970442,106.63394225360098
park,Công viên Chánh Hưng,10.73527976873705,106.66904912803915
park,Công viên Bàu Cát,10.79119849183618,106.64296563729003
park,Công viên Tân Phú,10.783033210900363,106.63673227510543
park,Công viên Phú Hòa,10.769213818044484,106.64513166606577
park,Công viên Lãnh Binh Thăng,10.763200587638474,106.64987553501477
park,Công viên Tân Phước,10.77485328592398,106.65279320305223
park,Công viên Nhà thi đấu Tân Bình,10.794890698389551,106.65412567428167
park,Lương Thế Vinh,10.76460554911798,106.630419664543
park,Công viên Bến Hải,10.825761956497251,106.69440016131924
park,Công viên Tao Đàn,10.774645207848678,106.69288980269633
park,Công viên Bãi Cát,10.757125398998282,106.62827238048907
park,Công Viên 158 Phan Anh,10.763267665538317,106.62509589304953
park,Crescent Mall Park,10.728739994510473,106.71771188972093
park,Công viên Tầm Vu,10.817011617706346,106.7149046174533
park,Bãi Cỏ - Trần Nhân Tôn,10.762015022162972,106.67506214434613
park,Hồ Con Rùa,10.782691989100167,106.6959169343736
park,Cong Vien Duong 4,10.736155089822288,106.67055996679713
park,Công viên Dương Đình Nghệ,10.762505871175586,106.64997250539106
park,Chỗ bán chim,10.75499702939812,106.65837278652127
park,Công viên Khánh Hội,10.757757655127216,106.69782532848488
park,Công viên Phường 12,10.76417359121712,106.70428547569657
park,Vườn hoa Tượng đài Bác Hồ,10.775987606121273,106.70158474241872
park,Công viên Nguyễn Sỹ Sách,10.821110582767012,106.6370018590694
park,Công viên Âu Lạc,10.76480460998692,106.68082564215894
park,Common area Aqua 2,10.786522464887604,106.71138548312193
park,Công viên Lam Sơn,10.775965819355704,106.70255329948147
park,Khu Di tích Bến Nhà Rồng,10.768314142537736,106.70655716213165
park,Isuzu sidewalk park,10.838951852898516,106.64801687767563
park,Sidewalk park,10.838053776083571,106.65159349793083
park,Mercedes Sidewalk park,10.83704462389029,106.65559414101858
park,Phố đi bộ đêm Kỳ đài Quang Trung,10.764295846918186,106.66300088642043
park,Công viên Ven sông,10.738038208650087,106.69795860824343
park,Công viên cầu Rạch Ông,10.751647701313004,106.69235803994947
park,CÔNG VIÊN 8XLUS,10.831307056385976,106.62186204751698
park,Công viên Đặng Thùy Trâm,10.833364310400487,106.69962093354795
park,Công viên Nhà nghỉ Công đoàn,10.818444920078761,106.71819824436274
park,Công viên bờ sông Thanh Đa,10.818673851012404,106.71550153015735
park,Công viên Văn hóa Gò Vấp,10.843262962568685,106.68555216448785
park,Botanica Premier Residential Park,10.810019362684384,106.66926870115958
park,Công Viên Văn hóa Đầm Sen,10.76589113982363,106.63863918537528
park,Công viên Chung cư Lý Chiêu Hoàng,10.736591334872509,106.61907186214695
park,Công viên trung tâm HCA,10.8125685174392,106.70252731936849
park,Công viên Bàu Cát 3,10.793615127383866,106.64129646075828
park,Công viên Chung cư Hòa Bình,10.767021468893445,106.66111998264688
park,Công viên bờ sông Sài Gòn,10.772738719314663,106.70966144548997
park,Công viên thú cưng Empire City,10.768086258885962,106.71253769585833
park,Công viên Khu nhà ở Quân đội,10.82998604668322,106.68570466626895
park,Công viên 310A Hưng Phú,10.748827261510211,106.67614592722398
police,Trụ Sở Công an Phường 1,10.7576019,106.6927952
police,Phú Mỹ Hưng Security,10.7321782,106.7065443
police,Công An Phường Tân Phong,10.7359966,106.702403
police,"Công An Phường 12, Gò Vấp",10.8440568,106.6403038
police,Công An Quận Bình Thạnh,10.8033004,106.6911062
police,"Công An Phường 10, Quận 10",10.7697473,106.6738159
police,"Chốt Công An Phường 2, Quận Tân Bình",10.8165156,106.6778678
police,Trụ Sở Công An - Phường Nguyễn Cư Trinh,10.7630201,106.6873049
police,Công An Phường Phạm Ngũ Lão,10.7673361,106.6936739
police,Trụ Sở Công An - Phường Cầu Kho,10.7593996,106.6880892
police,Công An Phường 8 Quận 4,10.7596901,106.7020933
police,Trụ Sở Công An - Phường 13,10.7636795,106.6557663
police,Chốt CSGT Tân Sơn Nhất,10.7971257,106.6776326
police,Đội CSGT Hàng Xanh,10.8232643,106.7141888
police,Công An Phường 26,10.813252,106.7059206
police,Công An Phường 24,10.8031746,106.7096544
police,UBND Phường 24,10.8031665,106.7098886
police,Công An Phường 12 Quận 6,10.7507286,106.630413
police,Phòng Cảnh Sát 1,10.8331156,106.7065044
police,Phòng Cảnh Sát 2,10.8324307,106.7099323
police,Phòng Cảnh Sát 3,10.8312083,106.706542
police,Trung đoàn Cảnh sát Cơ động 3,10.7659795,106.6461283
police,Công an phường Tân Phong,10.7295721,106.7103016
police,Sở Công An TP.HCM,10.75917438200945,106.68647627729375
police,Đồn Công an Cửa khẩu Tân Sơn Nhất,10.815747617132608,106.66781289805948
police,Công an phường Tân Quy,10.745072921266802,106.70594070856785
police,Công An Quận 8,10.742304313441775,106.6675961972929
police,Công an Quận 11,10.763432773129212,106.64281245962704
police,Công An Quận 1,10.766846746685694,106.69694774615184
police,Công an Quận 6,10.746414994378773,106.6487028749618
police,Công an P. Tân Thới Hòa,10.764957913389706,106.63243702045175
police,Công An Phường Bình Trị Đông,10.7637115257862,106.62222124285883
police,Công an Quận 4,10.766829540077516,106.70552344100717
police,Cảnh Sát trật tự Giao thông Quận 4,10.764383650149085,106.70462524602432
police,Công An Phường 19,10.791997034008151,106.70906552617942
police,Đội tuần tra kiểm soát giao thông số 5,10.771423027472204,106.70008103241553
police,Đội cảnh sát Giao thông Quận 1,10.76675546443013,106.69650668616693
police,Phòng Cảnh sát Giao thông đường thuỷ,10.768173435229603,106.69657475240554
police,Đội Cảnh Sát Trật Tự Giao Thông Q6,10.748702500552897,106.63920749447058
police,Công an quận Tân Bình,10.797830655283988,106.6574886069838
police,Cục Điều tra Hình sự phía Nam,10.80615600290958,106.66107783296546
police,Công an quận Tân Phú,10.790352899328155,106.63949493772452
police,"Công an phường Phú Trung, quận Tân Phú",10.780379454376657,106.64194554834243
police,Công an Quận 3,10.776925190444059,106.68254032711022
police,Công an Quận 10,10.771735985702245,106.6644809833058
police,Công an phường 14,10.842011999999999,106.63832025
police,Công an phường 4,10.742385908656157,106.67154611548733
police,"Đội Đăng ký, Quản lý phương tiện giao thông cơ giới đường bộ",10.814606872263868,106.69880975292857
tourist_attraction,Công Viên Ven Sông An Phú Hưng,10.7362462,106.7099951
tourist_attraction,Địa Đạo Phú Thọ Hòa,10.7842199,106.6312668
tourist_attraction,គុយទាវ Hong Phat,10.7714656,106.6833353
tourist_attraction,Cà Phê Điêu Thuyền,10.8439776,106.6553312
tourist_attraction,Disco Travel - Du lịch Quốc Tế Khám Phá,10.8151663,106.6734822
tourist_attraction,Sculpture Garden,10.7747342,106.6938172
tourist_attraction,Cầu Đi Bộ Số 7,10.7458291,106.6543332
tourist_attraction,Steam locomotive,10.7821115,106.6781851
tourist_attraction,Khu du lịch Văn Thánh,10.7982863,106.7156297
tourist_attraction,Cambodia Bus Companies (many),10.7678095,106.6915258
tourist_attraction,Góc Nhật Bản,10.7800735,106.7044599
tourist_attraction,Đường Sách,10.7805735,106.6996948
tourist_attraction,Some Rockets And Military Vehicles,10.8022168,106.6487042
tourist_attraction,Ben Nghe Street Food,10.7776249,106.6978228
tourist_attraction,Bưu điện Trung tâm Sài Gòn,10.779997734906178,106.70004342178451
tourist_attraction,Dinh Độc Lập,10.776998333332466,106.69537172987332
tourist_attraction,Nhà thờ Thánh Jeanne d'Arc,10.757026263237702,106.66739174318847
tourist_attraction,chung cư 42 Nguyễn Huệ,10.774114254666781,106.70422411323442
tourist_attraction,Cầu Mống,10.768116272010099,106.70367457666156
tourist_attraction,Trụ sở Ủy ban Nhân dân TP. Hồ Chí Minh,10.776595071913551,106.70095989694168
tourist_attraction,Nhà hát Thành phố,10.776702382223815,106.70321050045573
tourist_attraction,Nhà thờ Đức Bà Sài Gòn,10.779765154018367,106.69900357583536
shopping_mall,Trung Tâm Mua Sắm Nguyễn Kim Gò Vấp,10.8298519,106.6778983
shopping_mall,Trung Tâm Mua Sắm Russian,10.7617399,106.6950862
shopping_mall,LOTTE Mart Cộng Hòa,10.800858,106.6529899
shopping_mall,Parkson Hùng Vương,10.7557757,106.6629025
shopping_mall,Saigon Mall Cao Thắng,10.7692463,106.6829983
shopping_mall,Trung Tâm Mua Sắm Nowzone - Nguyễn Văn Cừ,10.764339,106.6824266
shopping_mall,Trung tâm mua sắm Sài Gòn Garden,10.7733608,106.7038659
shopping_mall,Toà Nhà Parkson CT Plaza,10.813045356856033,106.66569665224357
shopping_mall,Lucky Plaza,10.774143911205616,106.70450274808239
shopping_mall,Crescent Mall,10.728920733236135,106.7188009669555
shopping_mall,Trung Tâm Mua Sắm Nowzone,10.764337568752712,106.68246046708778
shopping_mall,ÆON MALL Tân Phú,10.801563887098101,106.61720388318011
shopping_mall,SC-VivoCity,10.729900857012641,106.70338820359225
shopping_mall,Saigon Airport Plaza,10.814976250847534,106.66632693487419
shopping_mall,Saigon Mall Gò Vấp,10.831428024584449,106.67675722793753
shopping_mall,Big C Gò Vấp,10.825568431941472,106.68022459775483
shopping_mall,Vincom Plaza Quang Trung,10.829480927861118,106.67255767238588
shopping_mall,ÆON MALL Bình Tân,10.742675397397898,106.61193382890983
shopping_mall,Vạn Hạnh Mall,10.770536333114904,106.66956369988071
shopping_mall,TTTM RomeA,10.778041885613296,106.69010683833687
shopping_mall,Centre Mall Phạm Hùng,10.733621994708164,106.67459621257055
shopping_mall,Taka Plaza,10.774448799038383,106.70002512343927
shopping_mall,Trung tâm mua sắm Saigon Centre,10.772951904091387,106.70067132861317
shopping_mall,Toà Nhà Saigon Centre,10.773202181441675,106.70087037192256
shopping_mall,Pico Plaza,10.800721078920235,106.65322317068743
shopping_mall,Parc Mall,10.740731768207503,106.67912916254646
shopping_mall,Satra Centre Mall,10.743680417665246,106.6483498964685
shopping_mall,Trung tâm Thương Mại An Đông Plaza,10.757840711085654,106.67331038631691
